<?xml version="1.0" encoding="utf-8"?>
<Settings xmlns:xsd="http://www.w3.org/2001/XMLSchema" xmlns:xsi="http://www.w3.org/2001/XMLSchema-instance">
  <DFSManager>
    <Name>DFS Manager R21</Name>
    <Version>21.0.0</Version>
    <Path>C:\Program Files\Jacobs\DFS Manager R20</Path>
    <RegKey>Software\Jacobs\DFS Manager R20</RegKey>
    <RegKeyname>ProductCode</RegKeyname>
    <Tasks>
      <Task>
        <Source>[DFSSHARE]\Jacobs\Production\CAD Environment\Autodesk\AutoCAD 2017\ApplicationPlugins</Source>
        <Destination>C:\Program Files\Autodesk\ApplicationPlugins</Destination>
        <RecurseSubFolders>true</RecurseSubFolders>
        <FileFilter>*.*</FileFilter>
        <CheckDFSChangeLog>true</CheckDFSChangeLog>
        <CallingApp>Windows Startup Process</CallingApp>
        <DFSChangesFile>DFSChange.log</DFSChangesFile>
        <ByPassKey>DFSDownload</ByPassKey>
        <ByPassKeyHive>Software\Jacobs\Jacobs AutoCAD Environment R21 Bundle\DFSDownloadBypass</ByPassKeyHive>
        <DeleteIfNotOnDFS>false</DeleteIfNotOnDFS>
        <ProductInstalledKey>SOFTWARE\Jacobs\Jacobs AutoCAD Environment R21\ProductCode</ProductInstalledKey>
      </Task>
	  <Task>
        <Source>[DFSSHARE]\Jacobs\Production\CAD Environment\Autodesk\AutoCAD 2017\Settings</Source>
        <Destination>C:\Users\Public\Jacobs\Jacobs AutoCAD Environment R21\Settings</Destination>
        <RecurseSubFolders>true</RecurseSubFolders>
        <FileFilter>*.*</FileFilter>
        <CheckDFSChangeLog>false</CheckDFSChangeLog>
        <CallingApp>Windows Startup Process</CallingApp>
        <DFSChangesFile>DFSChange.log</DFSChangesFile>
        <ByPassKey>DFSDownload</ByPassKey>
        <ByPassKeyHive>Software\Jacobs\Jacobs AutoCAD Environment R21 Settings\DFSDownloadBypass</ByPassKeyHive>
        <DeleteIfNotOnDFS>false</DeleteIfNotOnDFS>
        <ProductInstalledKey>SOFTWARE\Jacobs\Jacobs AutoCAD Environment R21\ProductCode</ProductInstalledKey>
      </Task>
      <Task>
        <Source>[DFSSHARE]\Jacobs\Production\CAD Environment\Autodesk\AutoCAD 2017\BlockLibrary</Source>
        <Destination>C:\Users\Public\Jacobs\Jacobs AutoCAD Environment R21\Lib</Destination>
        <RecurseSubFolders>true</RecurseSubFolders>
        <FileFilter>*.*</FileFilter>
        <CheckDFSChangeLog>true</CheckDFSChangeLog>
        <CallingApp>Windows Startup Process</CallingApp>
        <DFSChangesFile>DFSChange.log</DFSChangesFile>
        <ByPassKey>DFSDownload</ByPassKey>
        <ByPassKeyHive>Software\Jacobs\Jacobs AutoCAD Environment R21 BlockLibrary\DFSDownloadBypass</ByPassKeyHive>
        <DeleteIfNotOnDFS>false</DeleteIfNotOnDFS>
        <ProductInstalledKey>SOFTWARE\Jacobs\Jacobs AutoCAD Environment R21\ProductCode</ProductInstalledKey>
      </Task>
      <Task>
        <Source>[DFSSHARE]\Jacobs\Production\CAD Environment\Autodesk\AutoCAD 2017\Tool Palettes</Source>
        <Destination>C:\Users\Public\Jacobs\Jacobs AutoCAD Environment R21\ToolPalettes</Destination>
        <RecurseSubFolders>true</RecurseSubFolders>
        <FileFilter>*.*</FileFilter>
        <CheckDFSChangeLog>true</CheckDFSChangeLog>
        <CallingApp>Windows Startup Process</CallingApp>
        <DFSChangesFile>DFSChange.log</DFSChangesFile>
        <ByPassKey>DFSDownload</ByPassKey>
        <ByPassKeyHive>Software\Jacobs\Jacobs AutoCAD Environment R21 Tool Palettes\DFSDownloadBypass</ByPassKeyHive>
        <DeleteIfNotOnDFS>false</DeleteIfNotOnDFS>
        <ProductInstalledKey>SOFTWARE\Jacobs\Jacobs AutoCAD Environment R21\ProductCode</ProductInstalledKey>
      </Task>
      <Task>
        <Source>[DFSSHARE]\Jacobs\Production\CAD Environment\Autodesk\AutoCAD 2017\Express Tools Fix</Source>
        <Destination>C:\Program Files\Autodesk\AutoCAD 2017\Express</Destination>
        <RecurseSubFolders>true</RecurseSubFolders>
        <FileFilter>*.*</FileFilter>
        <CheckDFSChangeLog>true</CheckDFSChangeLog>
        <CallingApp>Windows Startup Process</CallingApp>
        <DFSChangesFile>DFSChange.log</DFSChangesFile>
        <ByPassKey>DFSDownload</ByPassKey>
        <ByPassKeyHive>Software\Jacobs\Jacobs AutoCAD Environment R21 Express Tools Fix</ByPassKeyHive>
        <DeleteIfNotOnDFS>false</DeleteIfNotOnDFS>
        <ProductInstalledKey>SOFTWARE\Jacobs\Jacobs AutoCAD Environment R21\ProductCode</ProductInstalledKey>
      </Task>
      <Task>
        <Source>[DFSSHARE]\Jacobs\Production\CAD Environment\Autodesk\AutoCAD 2017\Missing Fonts</Source>
        <Destination>C:\Program Files\Autodesk\AutoCAD 2017\Fonts</Destination>
        <RecurseSubFolders>true</RecurseSubFolders>
        <FileFilter>*.*</FileFilter>
        <CheckDFSChangeLog>true</CheckDFSChangeLog>
        <CallingApp>Windows Startup Process</CallingApp>
        <DFSChangesFile>DFSChange.log</DFSChangesFile>
        <ByPassKey>DFSDownload</ByPassKey>
        <ByPassKeyHive>Software\Jacobs\Jacobs AutoCAD Environment R21 AutoCAD Missing Fonts</ByPassKeyHive>
        <DeleteIfNotOnDFS>false</DeleteIfNotOnDFS>
        <ProductInstalledKey>SOFTWARE\Jacobs\Jacobs AutoCAD Environment R21\ProductCode</ProductInstalledKey>
      </Task>
      <Task>
        <Source>[DFSSHARE]\Jacobs\Production\CAD Environment\Autodesk\AutoCAD 2017\Clients</Source>
        <Destination>C:\Users\Public\Jacobs\Jacobs AutoCAD Environment R21\Clients</Destination>
        <RecurseSubFolders>true</RecurseSubFolders>
        <FileFilter>*.*</FileFilter>
        <CheckDFSChangeLog>true</CheckDFSChangeLog>
        <CallingApp>Windows Startup Process</CallingApp>
        <DFSChangesFile>DFSChange.log</DFSChangesFile>
        <ByPassKey>DFSDownload</ByPassKey>
        <ByPassKeyHive>Software\Jacobs\Jacobs AutoCAD Environment R21 Configurations\DFSDownloadBypass</ByPassKeyHive>
        <DeleteIfNotOnDFS>false</DeleteIfNotOnDFS>
        <ProductInstalledKey>SOFTWARE\Jacobs\Jacobs AutoCAD Environment R21\ProductCode</ProductInstalledKey>
      </Task>
    </Tasks>
    <DFSDownloaderConsoleFileName>ConsoleDownloader.exe</DFSDownloaderConsoleFileName>
    <DFSDownloaderWindowsFileName>WindowsDownloader.exe</DFSDownloaderWindowsFileName>
    <DFSShareLocation>[DFSSHARE]</DFSShareLocation>
  </DFSManager>
  <AEs>
    <AEProduct>
      <Name>Jacobs AutoCAD Environment R21</Name>
      <Version>21.0.0</Version>
      <Path>C:\Program Files\Autodesk\ApplicationPlugins\Jacobs AutoCAD Environment R21.bundle\Contents</Path>
      <RegKey>Software\Jacobs\Jacobs AutoCAD Environment R21</RegKey>
      <RegKeyname>ProductCode</RegKeyname>
      <AutoCADHasBeenCustomised>false</AutoCADHasBeenCustomised>
      <UserSettingsFileName>C:\Users\[USERNAME]\AppData\Roaming\Jacobs\Jacobs AutoCAD Environment R21\Settings\Configuration.XML</UserSettingsFileName>
      <AELogFile>AE_Runtime.log</AELogFile>
      <LogFileExtension>-[USERNAME]-[ASSETNUMBER].log</LogFileExtension>
      <ExtractionFinishedFileName>ExtractionFinished.txt</ExtractionFinishedFileName>
      <ConfigurationBuildersFileName>ConfigBuilders.txt</ConfigurationBuildersFileName>
      <SystemAdministratorsFileName>SystemAdministrators.txt</SystemAdministratorsFileName>
      <ConfigurationTestersFileName>ConfigTesters.txt</ConfigurationTestersFileName>
      <MustBeConfiguredFileName>MustBeConfigured.txt</MustBeConfiguredFileName>
      <ConfigMappingFileName>ConfigMapping.txt</ConfigMappingFileName>
      <RegionsFileName>Regions.txt</RegionsFileName>
      <DisciplinesFileName>Disciplines.txt</DisciplinesFileName>
      <UserPGPFileName>User.PGP</UserPGPFileName>
      <UserCUIXFileName>User.CUIX</UserCUIXFileName>
      <UserMNLFileName>User.MNL</UserMNLFileName>
      <ConfigUAT>Configuration-Development.xml</ConfigUAT>
      <ConfigAE>Configuration-Production.xml</ConfigAE>
      <ConfigProduction>Configuration-Production.xml</ConfigProduction>
      <ConfigDevelopment>Configuration-Development.xml</ConfigDevelopment>
      <ConfigTesting>Configuration-Testing.xml</ConfigTesting>
      <ConfigurationExtractionPathPrefix>C:\Users\Public\Jacobs</ConfigurationExtractionPathPrefix>
      <DefaultConfigurationFileName>Configuration.XML</DefaultConfigurationFileName>
      <DefaultSettingsPath>C:\Users\Public\Jacobs\Jacobs AutoCAD Environment R21\Settings</DefaultSettingsPath>
      <DefaultConfigurationFilePathed>C:\Users\Public\Jacobs\Jacobs AutoCAD Environment R21\Settings\Configuration.XML</DefaultConfigurationFilePathed>
      <LibraryFolder>C:\Users\Public\Jacobs\Jacobs AutoCAD Environment R21</LibraryFolder>
      <BlockLibraryFolder>C:\Users\Public\Jacobs\Jacobs AutoCAD Environment R21\Lib</BlockLibraryFolder>
      <OfficeConfigurationPath>C:\Users\Public\Jacobs\Jacobs AutoCAD Environment R21\Office</OfficeConfigurationPath>
      <ClientConfigurationPath>C:\Users\Public\Jacobs\Jacobs AutoCAD Environment R21\Client</ClientConfigurationPath>
      <ClientsConfigurationPath>C:\Users\Public\Jacobs\Jacobs AutoCAD Environment R21\Clients</ClientsConfigurationPath>
      <DrawingSheetSetupINIFileName>DrawingSheetSetup.INI</DrawingSheetSetupINIFileName>
      <DrawingSheetsFileName>DrawingSheets.dwg</DrawingSheetsFileName>
      <DrawingSheetsPath>C:\Users\Public\Jacobs\Jacobs AutoCAD Environment R21\Lib\General\Drawing Sheets</DrawingSheetsPath>
      <GeneralPath>C:\Users\Public\Jacobs\Jacobs AutoCAD Environment R21\Lib\General</GeneralPath>
      <AEWorkingRegKey>Software\Jacobs\Jacobs AutoCAD Environment R21</AEWorkingRegKey>
      <LastUsedProductName>LastUsedProductName</LastUsedProductName>
      <LastUsedProductInClientSelector>LastUsedProductInClientSelector</LastUsedProductInClientSelector>
      <LastSelectedWorkspace>LastSelectedWorkspace</LastSelectedWorkspace>
      <CurrentWorkspace>CurrentWorkspace</CurrentWorkspace>
      <Database>AE</Database>
      <NetworkConfiguration>[NETWORKCADCFG]</NetworkConfiguration>
      <ClientSelectorFileName>ClientSelector.exe</ClientSelectorFileName>
      <ProjectDrive>I</ProjectDrive>
      <ProjectStandardsFolder>\Deliverables\Drawings\standards</ProjectStandardsFolder>
      <ProjectAEConfigurationsListFile>AEConfigurations.XML</ProjectAEConfigurationsListFile>
      <ProjectCEConfigurationsListFile>CEConfigurations.XML</ProjectCEConfigurationsListFile>
      <DatabaseServer>AU-GLB-SQL05\MISC</DatabaseServer>
      <AEContents>C:\Program Files\Autodesk\ApplicationPlugins\Jacobs AutoCAD Environment R21.bundle\Contents</AEContents>
      <AEBundleContents>C:\Program Files\Autodesk\ApplicationPlugins\Jacobs AutoCAD Environment R21.bundle\Contents</AEBundleContents>
      <AECacheSupport>C:\Program Files\Autodesk\ApplicationPlugins\Jacobs AutoCAD Environment R21.bundle\Contents\UserDataCache\Support</AECacheSupport>
      <ADSiteName>[AD-SITE]</ADSiteName>
      <DFSDownloadSettingsPath>[DFSSHARE]\Jacobs\Production\CAD Environment\Autodesk\AutoCAD 2017\Settings</DFSDownloadSettingsPath>
      <DFSDownloadBypassKey>StartUp</DFSDownloadBypassKey>
      <ConfigsToHideFileName>ConfigsToHide.CSV</ConfigsToHideFileName>
      <TemplatesToHideFileName>TemplatesToHide.CSV</TemplatesToHideFileName>
      <DFSFileDelimeter>;</DFSFileDelimeter>
      <LastUsedProductInContentWizard>LastUsedProductInContentWizard</LastUsedProductInContentWizard>
      <TitleBlockInserterDATFileName>TitleBlockInserter.dat</TitleBlockInserterDATFileName>
      <AddressDATFileName>Address.dat</AddressDATFileName>
      <UserBlockFinderSettingsFileName>BlockFinder.dat</UserBlockFinderSettingsFileName>
    </AEProduct>
  </AEs>
  <AutoCADs>
    <AutoCADProduct>
      <Name>AutoCAD 2017</Name>
      <Version>R21.0</Version>
      <Path>C:\Program Files\Autodesk\AutoCAD 2017</Path>
      <RegKey>Software\Autodesk\AutoCAD\R21.0\ACAD-0001:409</RegKey>
      <RegKeyname>ProductName</RegKeyname>
      <RegistryKeysToAdd>
        <RegistryKey>
          <RegArea>HKCU</RegArea>
          <RegHive>Software\Autodesk\AutoCAD\R21.0\ACAD-0001:409\Profiles\[CurrentProfile]\Variables</RegHive>
          <RegKeyName>WBHELPONLINE</RegKeyName>
          <Regvalue>0</Regvalue>
          <RegType>REG_SZ</RegType>
          <IfFileExists />
        </RegistryKey>
        <RegistryKey>
          <RegArea>HKCU</RegArea>
          <RegHive>Software\Autodesk\AutoCAD\R21.0\ACAD-0001:409\Profiles\[CurrentProfile]\Variables</RegHive>
          <RegKeyName>NFWState</RegKeyName>
          <Regvalue>1</Regvalue>
          <RegType>REG_DWORD</RegType>
          <IfFileExists />
        </RegistryKey>
        <RegistryKey>
          <RegArea>HKCU</RegArea>
          <RegHive>Software\Autodesk\AutoCAD\R21.0\ACAD-0001:409\Profiles\[CurrentProfile]\General</RegHive>
          <RegKeyName>UseStartUpDialog</RegKeyName>
          <Regvalue>0</Regvalue>
          <RegType>REG_DWORD</RegType>
          <IfFileExists />
        </RegistryKey>
        <RegistryKey>
          <RegArea>HKCU</RegArea>
          <RegHive>Software\Autodesk\AutoCAD\R21.0\ACAD-0001:409\Profiles\[CurrentProfile]\Variables</RegHive>
          <RegKeyName>NEWTABMODE</RegKeyName>
          <Regvalue>0</Regvalue>
          <RegType>REG_SZ</RegType>
          <IfFileExists />
        </RegistryKey>
        <RegistryKey>
          <RegArea>HKCU</RegArea>
          <RegHive>Software\Autodesk\AutoCAD\R21.0\ACAD-0001:409</RegHive>
          <RegKeyName>LaunchNFW</RegKeyName>
          <Regvalue>3</Regvalue>
          <RegType>REG_DWORD</RegType>
          <IfFileExists>C:\Program Files\Autodesk\AutoCAD 2017\Acad.exe</IfFileExists>
        </RegistryKey>
      </RegistryKeysToAdd>
      <RegistryKeysToRemove>
        <RegistryKey>
          <RegArea>HKCU</RegArea>
          <RegHive>SOFTWARE\Jacobs\ACAD</RegHive>
          <RegKeyName>ConfigName</RegKeyName>
          <Regvalue />
          <RegType />
          <IfFileExists />
        </RegistryKey>
        <RegistryKey>
          <RegArea>HKCU</RegArea>
          <RegHive>SOFTWARE\Jacobs\ACAD</RegHive>
          <RegKeyName>ConfigType</RegKeyName>
          <Regvalue />
          <RegType />
          <IfFileExists />
        </RegistryKey>
        <RegistryKey>
          <RegArea>HKCU</RegArea>
          <RegHive>SOFTWARE\Jacobs\ACAD</RegHive>
          <RegKeyName>TemplateName</RegKeyName>
          <Regvalue />
          <RegType />
          <IfFileExists />
        </RegistryKey>
        <RegistryKey>
          <RegArea>HKCU</RegArea>
          <RegHive>SOFTWARE\Jacobs\ACAD</RegHive>
          <RegKeyName>TestConfig</RegKeyName>
          <Regvalue />
          <RegType />
          <IfFileExists />
        </RegistryKey>
        <RegistryKey>
          <RegArea>HKCU</RegArea>
          <RegHive>SOFTWARE\Jacobs\ACAD2017</RegHive>
          <RegKeyName />
          <Regvalue />
          <RegType />
          <IfFileExists />
        </RegistryKey>
        <RegistryKey>
          <RegArea>HKCU</RegArea>
          <RegHive>SOFTWARE\Jacobs\ACAD2017</RegHive>
          <RegKeyName>ConfigType</RegKeyName>
          <Regvalue />
          <RegType />
          <IfFileExists />
        </RegistryKey>
        <RegistryKey>
          <RegArea>HKCU</RegArea>
          <RegHive>SOFTWARE\Jacobs\ACAD2017</RegHive>
          <RegKeyName>TemplateName</RegKeyName>
          <Regvalue />
          <RegType />
          <IfFileExists />
        </RegistryKey>
        <RegistryKey>
          <RegArea>HKCU</RegArea>
          <RegHive>SOFTWARE\Jacobs\ACAD2017</RegHive>
          <RegKeyName>TestConfig</RegKeyName>
          <Regvalue />
          <RegType />
          <IfFileExists />
        </RegistryKey>
        <RegistryKey>
          <RegArea>HKCU</RegArea>
          <RegHive>SOFTWARE\Jacobs\ACADR21</RegHive>
          <RegKeyName>ConfigName</RegKeyName>
          <Regvalue />
          <RegType />
          <IfFileExists />
        </RegistryKey>
        <RegistryKey>
          <RegArea>HKCU</RegArea>
          <RegHive>SOFTWARE\Jacobs\ACADR21</RegHive>
          <RegKeyName>ConfigType</RegKeyName>
          <Regvalue />
          <RegType />
          <IfFileExists />
        </RegistryKey>
        <RegistryKey>
          <RegArea>HKCU</RegArea>
          <RegHive>SOFTWARE\Jacobs\ACADR21</RegHive>
          <RegKeyName>TemplateName</RegKeyName>
          <Regvalue />
          <RegType />
          <IfFileExists />
        </RegistryKey>
        <RegistryKey>
          <RegArea>HKCU</RegArea>
          <RegHive>SOFTWARE\Jacobs\ACADR21</RegHive>
          <RegKeyName>TestConfig</RegKeyName>
          <Regvalue />
          <RegType />
          <IfFileExists />
        </RegistryKey>
      </RegistryKeysToRemove>
      <SystemVariables>
        <SystemVariable>
          <Name>STARTMODE</Name>
          <Value>0</Value>
          <Type>Int</Type>
          <Persistent>true</Persistent>
        </SystemVariable>
        <SystemVariable>
          <Name>HPMAXLINES</Name>
          <Value>10000000</Value>
          <Type>Int</Type>
          <Persistent>true</Persistent>
        </SystemVariable>
        <SystemVariable>
          <Name>MEASUREINIT</Name>
          <Value>1</Value>
          <Type>Int</Type>
          <Persistent>true</Persistent>
        </SystemVariable>
        <SystemVariable>
          <Name>MEASUREMENT</Name>
          <Value>1</Value>
          <Type>Int</Type>
          <Persistent>false</Persistent>
        </SystemVariable>
        <SystemVariable>
          <Name>PUBLISHCOLLATE</Name>
          <Value>0</Value>
          <Type>Int</Type>
          <Persistent>false</Persistent>
        </SystemVariable>
        <SystemVariable>
          <Name>BACKGROUNDPLOT</Name>
          <Value>0</Value>
          <Type>Int</Type>
          <Persistent>false</Persistent>
        </SystemVariable>
        <SystemVariable>
          <Name>REMEMBERFOLDERS</Name>
          <Value>1</Value>
          <Type>Int</Type>
          <Persistent>true</Persistent>
        </SystemVariable>
        <SystemVariable>
          <Name>ACADLSPASDOC</Name>
          <Value>0</Value>
          <Type>Int</Type>
          <Persistent>true</Persistent>
        </SystemVariable>
        <SystemVariable>
          <Name>CMDECHO</Name>
          <Value>1</Value>
          <Type>Int</Type>
          <Persistent>true</Persistent>
        </SystemVariable>
        <SystemVariable>
          <Name>NOMUTT</Name>
          <Value>0</Value>
          <Type>Int</Type>
          <Persistent>true</Persistent>
        </SystemVariable>
        <SystemVariable>
          <Name>OLESTARTUP</Name>
          <Value>1</Value>
          <Type>Int</Type>
          <Persistent>true</Persistent>
        </SystemVariable>
        <SystemVariable>
          <Name>FILEDIA</Name>
          <Value>1</Value>
          <Type>Int</Type>
          <Persistent>true</Persistent>
        </SystemVariable>
        <SystemVariable>
          <Name>CMDDIA</Name>
          <Value>1</Value>
          <Type>Int</Type>
          <Persistent>true</Persistent>
        </SystemVariable>
        <SystemVariable>
          <Name>MAXSORT</Name>
          <Value>1000</Value>
          <Type>Int</Type>
          <Persistent>false</Persistent>
        </SystemVariable>
        <SystemVariable>
          <Name>FONTALT</Name>
          <Value>ISOCP.SHX</Value>
          <Type>Str</Type>
          <Persistent>true</Persistent>
        </SystemVariable>
        <SystemVariable>
          <Name>ATTREQ</Name>
          <Value>1</Value>
          <Type>Int</Type>
          <Persistent>true</Persistent>
        </SystemVariable>
        <SystemVariable>
          <Name>MAXACTVP</Name>
          <Value>64</Value>
          <Type>Int</Type>
          <Persistent>true</Persistent>
        </SystemVariable>
        <SystemVariable>
          <Name>SAVEFIDELITY</Name>
          <Value>0</Value>
          <Type>Int</Type>
          <Persistent>false</Persistent>
        </SystemVariable>
        <SystemVariable>
          <Name>DCTMAIN</Name>
          <Value>Eng</Value>
          <Type>Str</Type>
          <Persistent>false</Persistent>
        </SystemVariable>
        <SystemVariable>
          <Name>DYNMODE</Name>
          <Value>0</Value>
          <Type>Int</Type>
          <Persistent>false</Persistent>
        </SystemVariable>
        <SystemVariable>
          <Name>XDWGFADECTL</Name>
          <Value>0</Value>
          <Type>Int</Type>
          <Persistent>false</Persistent>
        </SystemVariable>
        <SystemVariable>
          <Name>INPUTHISTORYMODE</Name>
          <Value>7</Value>
          <Type>Int</Type>
          <Persistent>false</Persistent>
        </SystemVariable>
        <SystemVariable>
          <Name>CURSORSIZE</Name>
          <Value>5</Value>
          <Type>Int</Type>
          <Persistent>false</Persistent>
        </SystemVariable>
        <SystemVariable>
          <Name>SELECTIONAREA</Name>
          <Value>0</Value>
          <Type>Int</Type>
          <Persistent>true</Persistent>
        </SystemVariable>
        <SystemVariable>
          <Name>PREVIEWFILTER</Name>
          <Value>23</Value>
          <Type>Int</Type>
          <Persistent>true</Persistent>
        </SystemVariable>
        <SystemVariable>
          <Name>PROXYNOTICE</Name>
          <Value>0</Value>
          <Type>Int</Type>
          <Persistent>true</Persistent>
        </SystemVariable>
		<SystemVariable>
          <Name>PROXYSHOW</Name>
          <Value>1</Value>
          <Type>Int</Type>
          <Persistent>true</Persistent>
        </SystemVariable>
      </SystemVariables>
	<EnvironmentVariables>
        <SystemVariable>
          <Name>ShowTabs</Name>
          <Value>1</Value>
          <Type>Str</Type>
          <Persistent>true</Persistent>
        </SystemVariable>
        <SystemVariable>
          <Name>MaxHatch</Name>
          <Value>1000000.0</Value>
          <Type>Str</Type>
          <Persistent>true</Persistent>
        </SystemVariable>
        <SystemVariable>
          <Name>Scrollbars</Name>
          <Value>0</Value>
          <Type>Str</Type>
          <Persistent>true</Persistent>
        </SystemVariable>
        <SystemVariable>
          <Name>ShowPaperMargins</Name>
          <Value>0</Value>
          <Type>Str</Type>
          <Persistent>false</Persistent>
        </SystemVariable>
        <SystemVariable>
          <Name>ShowPaperMargins</Name>
          <Value>0</Value>
          <Type>Str</Type>
          <Persistent>false</Persistent>
        </SystemVariable>
        <SystemVariable>
          <Name>ShowPrintBorder</Name>
          <Value>0</Value>
          <Type>Str</Type>
          <Persistent>false</Persistent>
        </SystemVariable>
        <SystemVariable>
          <Name>ShowPaperBackground</Name>
          <Value>0</Value>
          <Type>Str</Type>
          <Persistent>false</Persistent>
        </SystemVariable>
        <SystemVariable>
          <Name>LayoutXhairPickboxEtc</Name>
          <Value>0</Value>
          <Type>Str</Type>
          <Persistent>false</Persistent>
        </SystemVariable>
        <SystemVariable>
          <Name>ACADHELP</Name>
          <Value>C:\Program Files\Autodesk\AutoCAD 2017\Help\index.html</Value>
          <Type>Str</Type>
          <Persistent>false</Persistent>
        </SystemVariable>
        <SystemVariable>
          <Name>NFWState</Name>
          <Value>0</Value>
          <Type>Str</Type>
          <Persistent>false</Persistent>
        </SystemVariable>
        <SystemVariable>
          <Name>ModelSpaceBackground</Name>
          <Value>0</Value>
          <Type>Str</Type>
          <Persistent>false</Persistent>
        </SystemVariable>
        <SystemVariable>
          <Name>XhairPickboxEtc</Name>
          <Value>16777215</Value>
          <Type>Str</Type>
          <Persistent>false</Persistent>
        </SystemVariable>
        <SystemVariable>
          <Name>Layout background</Name>
          <Value>0</Value>
          <Type>Str</Type>
          <Persistent>false</Persistent>
        </SystemVariable>
        <SystemVariable>
          <Name>DefaultConfig</Name>
          <Value>%USERPROFILE%\appdata\roaming\autodesk\AutoCAD 2017\R21.0\enu\plotters\dwg to pdf.pc3</Value>
          <Type>Str</Type>
          <Persistent>false</Persistent>
        </SystemVariable>
        <SystemVariable>
          <Name>DefaultConfig</Name>
          <Value>%USERPROFILE%\appdata\roaming\autodesk\AutoCAD 2017\R21.0\enu\plotters\dwg to pdf.pc3</Value>
          <Type>Str</Type>
          <Persistent>false</Persistent>
        </SystemVariable>
        <SystemVariable>
          <Name>BEditBackground</Name>
          <Value>8421504</Value>
          <Type>Str</Type>
          <Persistent>false</Persistent>
        </SystemVariable>
      </EnvironmentVariables>
      <AdditionalMenus>
        <AdditionalMenu>
          <CUIName>[ROAMABLEROOTPREFIX]\Support\JacobsOffice.CUIX</CUIName>
          <MenuName>JacobsOffice</MenuName>
          <PopUps>JacobsOffice,11</PopUps>
          <VisibleToolBars>JacobsOffice</VisibleToolBars>
          <SupportSearchPaths />
          <ToolPalettePath />
          <ProfileSpecific />
        </AdditionalMenu>
      </AdditionalMenus>
      <OfficeMenuName>JacobsOffice</OfficeMenuName>
      <TopOfScript>(princ)</TopOfScript>
      <BottomOfScript>Jacobs_TemplateBuilder</BottomOfScript>
      <FileDefaultTemplate>C:\Program Files\Autodesk\ApplicationPlugins\Jacobs AutoCAD Environment R21.bundle\Contents\UserDataCache\Template\Jacobs.DWT</FileDefaultTemplate>
      <FirstTimeUse>[PRODUCTREGISTRYHIVE]\Jacobs\AutoCAD 2017</FirstTimeUse>
      <CheckKeyForProductExist>ProductCode</CheckKeyForProductExist>
      <CheckKeyForProductRun>LocalRootFolder</CheckKeyForProductRun>
      <Profilename>&lt;&lt;Unnamed Profile&gt;&gt;</Profilename>
      <PartialMenuName>&lt;&lt;None&gt;&gt;</PartialMenuName>
	  <AllowSaveSettings>True</AllowSaveSettings>
      <ToolPalettePath>C:\Users\Public\Jacobs\Jacobs AutoCAD Environment R21\Tool Palettes</ToolPalettePath>
      <WorkingFolder>[USERAPPDATAROAMING]\Jacobs\Jacobs AutoCAD Environment R21\Working</WorkingFolder>
      <WorkingSupportFolder>[USERAPPDATAROAMING]\Jacobs\Jacobs AutoCAD Environment R21\Working\Support</WorkingSupportFolder>
      <WorkingFontsFolder>[USERAPPDATAROAMING]\Jacobs\Jacobs AutoCAD Environment R21\Working\Support</WorkingFontsFolder>
      <WorkingPlotStylesFolder>[USERAPPDATAROAMING]\Jacobs\Jacobs AutoCAD Environment R21\Working\Plot Styles</WorkingPlotStylesFolder>
      <ContentWizardLaunchSwitch>/b "[WORKINGDIRECTORY]\CFG.SCR"</ContentWizardLaunchSwitch>
      <ObjectEnablerFolder>C:\Program Files\Autodesk\Object Enablers</ObjectEnablerFolder>
      <StartUpLogFile>C:\Users\Public\Jacobs\Jacobs AutoCAD Environment R21\Log\Jacobs.AutoCAD.StartUp-[USERNAME]-[ASSETNUMBER].log</StartUpLogFile>
      <JacobsStartUpLogFile>C:\Users\Public\Jacobs\Jacobs AutoCAD Environment R21\Log\Jacobs.AutoCAD.StartUp.log</JacobsStartUpLogFile>
      <CachedFontsFolder>C:\Program Files\Autodesk\ApplicationPlugins\Jacobs AutoCAD Environment R21.bundle\Contents\UserDataCache\Support</CachedFontsFolder>
      <CachedSupportFolder>C:\Program Files\Autodesk\ApplicationPlugins\Jacobs AutoCAD Environment R21.bundle\Contents\UserDataCache\Support</CachedSupportFolder>
      <CachedJACOBSCADCUIFiles>C:\Program Files\Autodesk\ApplicationPlugins\Jacobs AutoCAD Environment R21.bundle\Contents\UserDataCache\Support\Jacobs*.*</CachedJACOBSCADCUIFiles>
      <CachedJacobsCUIFiles>C:\Program Files\Autodesk\ApplicationPlugins\Jacobs AutoCAD Environment R21.bundle\Contents\UserDataCache\Support\Jacobs*.*</CachedJacobsCUIFiles>
      <IncompatibleApps />
      <ThirdPartyAppProfileExclusion />
      <RegistryLocationProf>[PRODUCTREGISTRYHIVE]\Profiles</RegistryLocationProf>
      <UseOfficeNetworkFonts>true</UseOfficeNetworkFonts>
      <UseOfficeNetworkMenu>true</UseOfficeNetworkMenu>
      <NetworkBlockFinderFolder>[NETWORKCADCFG]\[SHAREDACADNAME]\[AD-SITE]\BlockFinder</NetworkBlockFinderFolder>
	  <NetworkDictionaryFolder>[NETWORKCADCFG]\[SHAREDACADNAME]\[AD-SITE]\CustomDictionary</NetworkDictionaryFolder>
	  <NetworkFontsFolder>[NETWORKCADCFG]\[SHAREDACADNAME]\[AD-SITE]\Fonts</NetworkFontsFolder>
	  <NetworkMenuFolder>[NETWORKCADCFG]\[SHAREDACADNAME]\[AD-SITE]\Menu</NetworkMenuFolder>
	  <NetworkPC3Folder>[NETWORKCADCFG]\[SHAREDACADNAME]\[AD-SITE]\Plotters</NetworkPC3Folder>
	  <NetworkPlotStyleFolder>[NETWORKCADCFG]\[SHAREDACADNAME]\[AD-SITE]\Plotters\Plot Styles</NetworkPlotStyleFolder>
	  <NetworkPMPFolder>[NETWORKCADCFG]\[SHAREDACADNAME]\[AD-SITE]\Plotters\PMP Files</NetworkPMPFolder>	 
	  <NetworkSupportFolder>[NETWORKCADCFG]\[SHAREDACADNAME]\[AD-SITE]\Support</NetworkSupportFolder>
      <NetworkTemplateFolder>[NETWORKCADCFG]\[SHAREDACADNAME]\[AD-SITE]\Templates</NetworkTemplateFolder>
      <NetworkSupportShortcutName>NDriveSupport.lnk</NetworkSupportShortcutName>
      <NetworkPMPShortcutName>NDrivePMP.lnk</NetworkPMPShortcutName>
      <NetworkPlotStylesShortcutName>NDrivePlotStyles.lnk</NetworkPlotStylesShortcutName>
      <NetworkPC3ShortcutName>NDrivePC3.lnk</NetworkPC3ShortcutName>
      <NetworkTemplateShortcutName>NDriveTemplate.lnk</NetworkTemplateShortcutName>
      <NetworkBlockFinderShortcutName>NDriveBlockFinder.lnk</NetworkBlockFinderShortcutName>
      <CreateSupportShortCut>true</CreateSupportShortCut>
      <CreateTemplateShortCut>true</CreateTemplateShortCut>
      <CreatePlotStyleShortCut>true</CreatePlotStyleShortCut>
      <CreatePC3ShortCut>true</CreatePC3ShortCut>
      <CreatePMPShortCut>true</CreatePMPShortCut>
      <CreateBlockFinderShortCut>true</CreateBlockFinderShortCut>
      <CustomDictionary>Sample.cus</CustomDictionary>
      <UseOfficeCustomDictionary>true</UseOfficeCustomDictionary>
      <RestoreAcadCUI>false</RestoreAcadCUI>
      <ManageCUIs>true</ManageCUIs>
      <MillimetresOnly>false</MillimetresOnly>
      <MillimetresAndMetres>true</MillimetresAndMetres>
      <ResetScaleListOnDrawingActivate>true</ResetScaleListOnDrawingActivate>
      <OnCompletionPrompt>[PRODUCTNAME] has been configured for Jacobs</OnCompletionPrompt>
      <ShortName>ACAD 2017</ShortName>
      <SharedAcadName>AutoCAD 2017</SharedAcadName>
	  <UserSettingsFolder>[USERAPPDATAROAMING]\Jacobs\Jacobs AutoCAD Environment R21</UserSettingsFolder>
	  <UserSettingsFileName>[USERAPPDATAROAMING]\Jacobs\Jacobs AutoCAD Environment R21\Configuration.XML</UserSettingsFileName>
      <UserLocalTemplateFolder>[USERAPPDATALOCAL]\Autodesk\AutoCAD 2017\R21.0\enu\Template</UserLocalTemplateFolder>
	  <UserRoamingSupportFolder>[USERAPPDATALOCAL]\Autodesk\AutoCAD 2017\R21.0\enu\Support</UserRoamingSupportFolder>
      <UserRoamingPlottersFolder>[USERAPPDATAROAMING]\Autodesk\AutoCAD 2017\R21.0\enu\Plotters</UserRoamingPlottersFolder>
      <UserRoamingPlotStylesFolder>[USERAPPDATAROAMING]\Autodesk\AutoCAD 2017\R21.0\enu\Plotters\Plot Styles</UserRoamingPlotStylesFolder>
      <UserRoamingPMPFilesFolder>[USERAPPDATAROAMING]\Autodesk\AutoCAD 2017\R21.0\enu\Plotters\PMP Files</UserRoamingPMPFilesFolder>
      <UserRoamingSupportFolder>[USERAPPDATAROAMING]\Autodesk\AutoCAD 2017\R21.0\enu\Support</UserRoamingSupportFolder>
      <ExpressToolsMenuBase>acetmain</ExpressToolsMenuBase>
      <EntCUIFileNameNoExt>ACAD</EntCUIFileNameNoExt>
      <MainCUIFileNameNoExt>Jacobs_Acad_Custom</MainCUIFileNameNoExt>
      <MainMenuFileNamePathed>[USERAPPDATAROAMING]\Autodesk\AutoCAD 2017\R21.0\enu\Support\Jacobs_Acad_Custom.CUIX</MainMenuFileNamePathed>
      <EnterpriseMenuFileNamePathed>[USERAPPDATAROAMING]\Autodesk\AutoCAD 2017\R21.0\enu\Support\ACAD.CUIX</EnterpriseMenuFileNamePathed>
      <AEACADWorkingRegKey>Software\Jacobs\AutoCAD 2017</AEACADWorkingRegKey>
      <CEACADWorkingRegKey>Software\Jacobs\AutoCAD 2017</CEACADWorkingRegKey>
    </AutoCADProduct>
  </AutoCADs>
  <AssetNumber>[ASSETNUMBER]</AssetNumber>
  <UserName>[USERNAME]</UserName>
  <Region>[REGION]</Region>
  <JPILoginName>[JPILOGINNAME]</JPILoginName>
</Settings>